path,n_objects,properties,response,answer
data/clevr/images/CLEVR_new_000413.png,4,"[{'shape': 'sphere', 'color': 'cyan'}, {'shape': 'cylinder', 'color': 'yellow'}, {'shape': 'cube', 'color': 'gray'}, {'shape': 'cube', 'color': 'yellow'}]","The image contains the following objects:

1. A blue sphere
2. A yellow cylinder
3. A dark cube
4. A yellow cube

The number of objects in the image is 4.",4
data/clevr/images/CLEVR_new_000428.png,4,"[{'shape': 'cube', 'color': 'blue'}, {'shape': 'cylinder', 'color': 'yellow'}, {'shape': 'cube', 'color': 'cyan'}, {'shape': 'cube', 'color': 'green'}]","In the image, there are four simple 3D objects. They are:

1. A yellow cylinder standing upright.
2. A green cube.
3. A cyan (or light blue) cube.
4. A blue cube.

Each of these objects is distinct, so there is a total of:

4 objects in the image.",4
data/clevr/images/CLEVR_new_000421.png,4,"[{'shape': 'cube', 'color': 'yellow'}, {'shape': 'cylinder', 'color': 'gray'}, {'shape': 'cylinder', 'color': 'cyan'}, {'shape': 'sphere', 'color': 'red'}]","In the image, there are four objects:

1. A red sphere.
2. A cyan cylinder.
3. A yellow cube.
4. A dark gray cylinder.

Number of objects in the image: 4",4
data/clevr/images/CLEVR_new_000429.png,4,"[{'shape': 'sphere', 'color': 'blue'}, {'shape': 'cube', 'color': 'green'}, {'shape': 'sphere', 'color': 'cyan'}, {'shape': 'cylinder', 'color': 'cyan'}]","The image displays four geometric shapes. There is a blue sphere, a smaller cyan sphere, a cyan cylinder, and a green cube.

Number of objects in the image: 4.",4
data/clevr/images/CLEVR_new_000410.png,4,"[{'shape': 'cylinder', 'color': 'blue'}, {'shape': 'cube', 'color': 'brown'}, {'shape': 'sphere', 'color': 'blue'}, {'shape': 'sphere', 'color': 'brown'}]","In the image provided, there are the following objects:

1. A yellow cube.
2. A blue cylinder.
3. A blue sphere.
4. An orange sphere.

Counting each of these objects, the total number of objects in the image is:

4",4
data/clevr/images/CLEVR_new_000443.png,4,"[{'shape': 'cube', 'color': 'green'}, {'shape': 'sphere', 'color': 'green'}, {'shape': 'cylinder', 'color': 'red'}, {'shape': 'cylinder', 'color': 'brown'}]","In the image, there are four objects: a red cylinder, a green sphere, an orange cylinder, and a green cube.

Number of objects in the image: 4.",4
data/clevr/images/CLEVR_new_000430.png,4,"[{'shape': 'sphere', 'color': 'gray'}, {'shape': 'sphere', 'color': 'yellow'}, {'shape': 'cube', 'color': 'red'}, {'shape': 'cube', 'color': 'purple'}]","In the image there are four objects:

1. A purple cube
2. A grey sphere
3. A red cube
4. A yellow sphere

Number of objects in the image: 4",4
data/clevr/images/CLEVR_new_000411.png,4,"[{'shape': 'cylinder', 'color': 'green'}, {'shape': 'cube', 'color': 'cyan'}, {'shape': 'sphere', 'color': 'red'}, {'shape': 'cylinder', 'color': 'gray'}]","In the image, I see four geometric objects:

1. A green cylinder.
2. A red sphere.
3. A blue hexagonal prism.
4. A gray cylinder.

Number of objects in the image: 4",4
data/clevr/images/CLEVR_new_000405.png,4,"[{'shape': 'cylinder', 'color': 'purple'}, {'shape': 'sphere', 'color': 'red'}, {'shape': 'sphere', 'color': 'yellow'}, {'shape': 'cube', 'color': 'gray'}]","In the image, I can see four distinct objects. They are:

1. A yellow sphere.
2. A red sphere.
3. A purple cylinder.
4. A grey cube.

Counting each one, there are a total of 4 objects in the image.",4
data/clevr/images/CLEVR_new_000447.png,4,"[{'shape': 'sphere', 'color': 'brown'}, {'shape': 'cylinder', 'color': 'blue'}, {'shape': 'cube', 'color': 'green'}, {'shape': 'cube', 'color': 'blue'}]","In the image, there are four objects:

1. A blue cylinder
2. A green cube
3. A brown sphere
4. A blue cube

Counting all of these objects gives us a total of:

4 objects in the image.",4
data/clevr/images/CLEVR_new_000436.png,4,"[{'shape': 'sphere', 'color': 'blue'}, {'shape': 'cube', 'color': 'green'}, {'shape': 'cylinder', 'color': 'purple'}, {'shape': 'cube', 'color': 'yellow'}]","In the image, there are four objects. They appear to be simple geometric shapes. From left to right:

1. A green cube.
2. A purple cylinder.
3. A yellow cube.
4. A blue sphere.

The number of objects in the image is 4.",4
data/clevr/images/CLEVR_new_000449.png,4,"[{'shape': 'sphere', 'color': 'purple'}, {'shape': 'cylinder', 'color': 'cyan'}, {'shape': 'cylinder', 'color': 'green'}, {'shape': 'sphere', 'color': 'brown'}]","In the image, there appear to be four objects:

1. A brown ellipsoid or egg-shaped object.
2. A green cylinder.
3. A purple sphere.
4. A teal or cyan-colored cylinder.

Counting these items, there is a total of:

4 objects in the image.",4
data/clevr/images/CLEVR_new_000416.png,4,"[{'shape': 'sphere', 'color': 'brown'}, {'shape': 'sphere', 'color': 'blue'}, {'shape': 'sphere', 'color': 'gray'}, {'shape': 'cube', 'color': 'brown'}]","In the image, there are four distinct objects:

1. A cube that is orange in color.
2. A sphere that is blue in color.
3. A sphere that is gray in color.
4. A sphere that is brown in color.

Number of objects in the image: 4",4
data/clevr/images/CLEVR_new_000401.png,4,"[{'shape': 'cube', 'color': 'green'}, {'shape': 'cylinder', 'color': 'cyan'}, {'shape': 'cube', 'color': 'yellow'}, {'shape': 'sphere', 'color': 'yellow'}]","In the image, there are four objects:

1. A yellow cube
2. A yellow sphere
3. A green hexagonal prism
4. A blue cylinder

Number of objects in the image: 4",4
data/clevr/images/CLEVR_new_000431.png,4,"[{'shape': 'sphere', 'color': 'red'}, {'shape': 'sphere', 'color': 'brown'}, {'shape': 'cube', 'color': 'green'}, {'shape': 'cube', 'color': 'blue'}]","In the image, there are four individually distinct objects:

1. A green cube
2. A blue cube
3. A red sphere
4. An orange/brown sphere

Counting each distinct object, the total number of objects in the image is:

4",4
data/clevr/images/CLEVR_new_000439.png,4,"[{'shape': 'cube', 'color': 'purple'}, {'shape': 'sphere', 'color': 'brown'}, {'shape': 'cylinder', 'color': 'cyan'}, {'shape': 'sphere', 'color': 'cyan'}]","In the image, I can see a group of geometric shapes. Starting from the left, there is a purple hexagonal prism. To the right of the purple prism, there are two spheres, one teal and one brown, followed by a teal cylinder. 

Counting each object:
1. Purple hexagonal prism
2. Teal sphere
3. Brown sphere
4. Teal cylinder

The total number of objects in the image is 4.",4
data/clevr/images/CLEVR_new_000423.png,4,"[{'shape': 'cylinder', 'color': 'brown'}, {'shape': 'cylinder', 'color': 'brown'}, {'shape': 'cylinder', 'color': 'blue'}, {'shape': 'sphere', 'color': 'brown'}]","In the image, I can see four objects. They appear to be simple geometric shapes, specifically cylinders and a sphere. There are three cylinders; two are colored in shades of orange or brown, and one is blue. There is also one sphere, which has a color similar to the orange/brown cylinders.

The number of objects in the image is: 

4",4
data/clevr/images/CLEVR_new_000441.png,4,"[{'shape': 'sphere', 'color': 'red'}, {'shape': 'sphere', 'color': 'red'}, {'shape': 'sphere', 'color': 'green'}, {'shape': 'cube', 'color': 'blue'}]","In the image, I see three spheres and one cube. The spheres appear to be one green, one red closer to the foreground, and another red one behind the blue cube. The cube is blue.

Number of objects in the image: 4.",4
data/clevr/images/CLEVR_new_000448.png,4,"[{'shape': 'cube', 'color': 'brown'}, {'shape': 'sphere', 'color': 'brown'}, {'shape': 'cube', 'color': 'gray'}, {'shape': 'cube', 'color': 'cyan'}]","The image contains the following objects:

1. A brownish-orange sphere, which looks like a ball.
2. A light blue cube.
3. A grey hexahedron, which is similar to a cube but with non-square faces; this is often called a cuboid.
4. An orange-brown rhombic polyhedron, which could be described as a distorted cube or box shape.

Now counting these objects, there are in total 4 objects in the image.",4
data/clevr/images/CLEVR_new_000426.png,4,"[{'shape': 'cylinder', 'color': 'gray'}, {'shape': 'sphere', 'color': 'cyan'}, {'shape': 'cylinder', 'color': 'yellow'}, {'shape': 'cube', 'color': 'cyan'}]","The image shows four geometric objects on what appears to be a flat surface. From the perspective given, we can identify the following objects:

- A blue sphere.
- A gray cylinder.
- A teal cube.
- A yellow cylinder.

Counting each object, we have the following number of objects in the image:

4",4
